{"cameraMode":{"drawMode":0,"name":"Shaded","section":"Shading Mode"},"sceneLighting":false,"audioPlay":false,"sceneViewState":{"showFog":false,"showMaterialUpdate":false,"showSkybox":false,"showFlares":false,"showImageEffects":false,"showParticleSystems":true},"in2DMode":false,"pivot":{"x":3.1767578125,"y":-32.94903564453125,"z":40.661529541015628},"rotation":{"x":0.20118924975395204,"y":-0.7435854077339172,"z":0.2562010884284973,"w":0.5839217901229858},"size":136.34796142578126,"orthographic":false}